category,group,musiq_score,musiq_score,musiq_score,musiq_score
,,mean,std,min,max
backpack,group_000000180296,100.0,0.0,100.0,100.0
backpack,group_000000433110,54.44059804735735,19.77958214527448,32.42516595270605,70.7135236922213
backpack,group_000000559490,76.69877625723892,7.968530436642575,70.2980180168972,85.62368136488003
backpack,group_03a99854,99.26379041475477,1.0411575802028663,98.52758082950955,100.0
backpack,group_149881,61.88031795500235,31.122583537906443,39.87332808730389,83.8873078227008
backpack,group_14b18464,63.35055399522467,20.142098583161456,49.10793949974326,77.59316849070609
backpack,group_1a57e007,99.58746835831123,0.5834078425843006,99.17493671662245,100.0
backpack,group_20046ad2,92.01394655892608,11.293985086203058,84.02789311785217,100.0
backpack,group_226176,60.44297697804711,14.760721954662051,50.00557038869643,70.8803835673978
backpack,group_235621,55.23269369393789,27.665906942119673,35.66994328748908,74.79544410038669
backpack,group_236111,63.44790620182285,13.170409699724425,52.25902292627433,77.96234559426097
backpack,group_237872,79.26843215848639,3.4459628138341887,76.83176848510756,81.70509583186522
backpack,group_251660,51.73141336357132,26.717030318218885,32.83962005239216,70.62320667475048
backpack,group_252373,81.8170812318483,7.048327992946949,76.83316071200855,86.80100175168806
backpack,group_256055,57.77213284076149,23.67377742474288,36.15803730368305,83.07300319486454
backpack,group_298692,100.0,0.0,100.0,100.0
backpack,group_3250fb27,72.67318673184067,10.104803464829203,65.52801167930262,79.81836178437872
backpack,group_32629,83.91467841113736,9.309407265674473,77.33193340475162,90.4974234175231
backpack,group_339ae246,48.447246375137325,39.91288031477933,20.224578047869795,76.66991470240485
backpack,group_340532,76.3231317166617,8.334379797652844,70.42983524475721,82.2164281885662
backpack,group_367171,79.82652260376646,12.503203469680248,70.98542264380039,88.66762256373254
backpack,group_390310,80.82559351447392,25.71290911973362,62.64382111187685,99.00736591707098
backpack,group_396932,97.74197977331289,1.3214711698707624,96.80755854795476,98.67640099867103
backpack,group_3c041356,80.35393962445126,26.994227171318744,61.26613853872161,99.4417407101809
backpack,group_437432,63.348510087646616,2.94035189975097,61.26936732025796,65.42765285503528
backpack,group_4393d946,47.69011932125089,36.888965104960214,21.605681944579594,73.77455669792218
backpack,group_461333,0.0,0.0,0.0,0.0
backpack,group_492545,88.51589945337322,0.4483660146180616,88.1988568039832,88.83294210276324
backpack,group_559701,25.989345317148548,13.962377084345874,9.679984798067112,43.65728231680775
backpack,group_563730,60.98984074257237,7.137808494416089,55.94264795335982,66.03703353178493
backpack,group_63fb9d45,52.0679175677263,17.537110051627327,39.667308127805846,64.46852700764674
backpack,group_6eec8241,65.70794960079377,12.411586495563666,56.93163262449731,74.48426657709021
backpack,group_71044,57.118516869568936,6.860213670921119,52.267613262471954,61.96942047666592
backpack,group_7bec740c,47.53510078019508,4.221743261672018,44.54987749143818,50.52032406895197
backpack,group_8b0e5d60,92.38590515409805,2.094078327452846,90.90516816842037,93.86664213977575
backpack,group_9c75d39f,98.68723074664982,1.8565360823542303,97.37446149329963,100.0
backpack,group_bf866cc6,80.89867061585159,15.305941395963922,70.0757356623216,91.72160556938157
backpack,group_c6fa132f,28.698392259336924,40.58565555145733,0.0,57.39678451867385
backpack,group_caf23ae7,100.0,0.0,100.0,100.0
backpack,group_d3575fad,85.97483357334438,2.2517793329680864,84.38258513726693,87.56708200942184
backpack,group_e28ef131,75.03615124501374,5.775681506813182,70.95212768557239,79.12017480445508
backpack,group_e50fefc9,95.58973028269762,1.4178847345389456,94.58713437196424,96.59232619343099
backpack,group_e5ca5e7e,83.11628071619116,9.838665999551388,76.15929327007885,90.07326816230346
backpack,group_e71dedbc,85.17611003805965,5.861161358520967,81.03164309582093,89.32057698029838
backpack,group_edeb4174,77.61994664216348,8.184114554783097,71.83290374246884,83.40698954185814
backpack,group_f2583298,98.99384354302198,0.7691510988876853,98.44997158524141,99.53771550080255
backpack,group_fa714569,65.84115905555475,13.718228031763989,56.14090698843105,75.54141112267845
cell phone,group_108642,78.36570631151255,6.801439727306325,73.55636215850268,83.17505046452244
cell phone,group_119876,79.42208068902792,3.501469211047014,76.94616806578067,81.89799331227518
cell phone,group_12827,0.0,0.0,0.0,0.0
cell phone,group_134053,90.6177918007611,11.356839273658254,82.58729373751163,98.64828986401055
cell phone,group_139147,65.37508394708571,30.839980680549676,40.42704930986276,99.85594302415086
cell phone,group_163033,95.22234530100467,5.971859965792589,90.99960262289626,99.44508797911307
cell phone,group_169600,64.80229119077316,15.527401447938,53.82276033273039,75.78182204881594
cell phone,group_177924,81.3877717749101,11.20150514470341,73.46711152759433,89.30843202222589
cell phone,group_186585,72.79928694285192,3.1530147114120646,70.5697688592315,75.02880502647233
cell phone,group_193051,0.0,0.0,0.0,0.0
cell phone,group_238009,62.916401365981955,8.829454969170765,56.673033883100054,69.15976884886386
cell phone,group_254096,81.5696795493569,5.608261645333133,77.60403970927342,85.53531938944039
cell phone,group_269557,99.79160733040048,0.29471173964677494,99.58321466080096,100.0
cell phone,group_274605,0.0,0.0,0.0,0.0
cell phone,group_275919,88.23742445132562,0.40618115273631605,87.9502110038356,88.52463789881564
cell phone,group_279696,86.70739670898297,9.661843300725014,74.3994888453744,96.30508312409202
cell phone,group_282515,76.70126449255133,10.129635111976915,69.48943040590969,88.28224230879802
cell phone,group_30034,45.485967414287586,21.620681683893036,30.266295978848817,70.23421255424317
cell phone,group_30589,0.0,0.0,0.0,0.0
cell phone,group_311891,96.15211885826139,5.441725697046413,92.30423771652278,100.0
cell phone,group_343860,83.61804521567892,7.852039678778466,78.06581471266882,89.17027571868901
cell phone,group_345576,0.0,0.0,0.0,0.0
cell phone,group_359399,51.71068177203234,30.662887870488454,18.549210703618147,85.78201014755682
cell phone,group_371493,97.90753036276546,3.62426372498544,93.72259108829638,100.0
cell phone,group_393375,97.54255758697259,2.5289241446188497,94.94775076117045,100.0
cell phone,group_3c684dee,13.770550342850688,19.474499056200916,0.0,27.541100685701377
cell phone,group_401557,85.86947161878814,19.98358488020775,71.73894323757628,100.0
cell phone,group_407348,85.1285521595587,14.003028213991488,75.22691595229877,95.03018836681863
cell phone,group_408a6a15,89.70053643687372,4.760019166869732,86.33469460540219,93.06637826834525
cell phone,group_42639fe4,66.27883668482339,3.7655958785390156,63.61615830390034,68.94151506574644
cell phone,group_45435,14.616883594872043,20.671395019496845,0.0,29.233767189744086
cell phone,group_455073,94.51586420337298,0.580324619312711,94.10551272976745,94.9262156769785
cell phone,group_457371,52.42624566910055,43.01719601731598,22.008494657625484,82.84399668057563
cell phone,group_461187,89.50888307411996,7.612461500921728,84.12605992529669,94.89170622294324
cell phone,group_466014,86.95345059734683,9.63194940569807,77.56295420476964,99.9823986973496
cell phone,group_478599,47.68687202605894,15.527732843260148,24.496374507851495,56.77170426197683
cell phone,group_48617,58.58641278372363,7.026502458646661,53.617925247190634,63.554900320256635
cell phone,group_492654,91.4655839288436,1.796941062976905,90.19495471782007,92.73621313986713
cell phone,group_544698,30.66169829268056,27.72374287146987,2.7299732973842525,58.1726696084125
cell phone,group_553051,71.49259313072287,3.525535947046097,68.99966275524963,73.98552350619609
cell phone,group_557567,91.39345472663257,9.302076309524287,80.87503238038366,98.53700057747797
cell phone,group_562345,75.27014163538972,3.874518561991335,70.22953230210793,79.5631399337626
cell phone,group_56473,95.97303404602023,4.227596719111386,91.56994170272019,100.0
cell phone,group_56636,93.54185633906829,9.133194353043462,87.08371267813656,100.0
cell phone,group_575921,80.77944267379843,15.831723125336191,69.58472389400534,91.97416145359153
cell phone,group_63691,68.38499951543594,23.580263040680816,41.213361290434385,83.48916055086569
cell phone,group_65866687,83.94175278108433,5.777399063255251,79.85651472583574,88.02699083633293
cell phone,group_68121,81.34344267794549,14.697549390890755,70.95070583682244,91.73617951906856
cell phone,group_84548,41.871899425528674,19.698675779766873,27.94283220126032,55.80096664979703
cell phone,group_97849,68.42488039808212,9.946955838642081,61.39132047241518,75.45844032374906
chair,group_000000281660,60.51879039772221,18.678597195644443,35.69426282548303,81.03996683537792
chair,group_03802053,93.69744213853163,0.8656484467969507,93.0853362516779,94.30954802538535
chair,group_08374ad1,76.09338465614884,3.4717680520855865,73.63847392381231,78.54829538848537
chair,group_10791f50,93.30591534993847,9.194770846072275,86.8042305332244,99.80760016665255
chair,group_11222,83.52806884947111,19.17746023703325,69.96755666992954,97.0885810290127
chair,group_115442,97.85362452203297,2.237012536728455,96.27181778771296,99.43543125635298
chair,group_124501,99.69902424148444,0.4256439996382382,99.39804848296887,100.0
chair,group_131211,91.80656103219113,3.4945989852787935,89.33550639217286,94.27761567220938
chair,group_149566,87.38581604170245,5.66358661247672,83.1999920613445,93.83020726555826
chair,group_149a4cfb,94.09767775071825,3.1703787881250323,91.85588141070504,96.33947409073144
chair,group_154002,83.00106653467174,14.4881122340111,72.7564241274107,93.24570894193276
chair,group_15906,79.50511073165524,3.8182117539347344,76.80522730844181,82.20499415486867
chair,group_21003,67.65182419491889,18.66001494014804,54.45720109369792,80.84644729613986
chair,group_211347,0.0,0.0,0.0,0.0
chair,group_217289,93.21207333244173,1.980656764846254,91.81153750281594,94.61260916206753
chair,group_2493abdd,94.77443332292128,0.02278904157266604,94.7583190370885,94.79054760875405
chair,group_249764,55.88056055794531,10.067268572827176,48.761926682072996,62.99919443381762
chair,group_26942,36.81382801228655,19.914622994702395,12.10084521502722,53.85975802207806
chair,group_274753,91.64319653519159,5.6682990712356895,83.84237147783257,97.03298081851985
chair,group_327623,71.69838105240407,12.68515529132171,58.978176547108454,84.3481941706275
chair,group_371402,78.0842839354937,6.276642451016705,73.64602749529644,82.52254037569097
chair,group_410900cd,79.47400779025007,22.785229435195404,63.36241754573207,95.58559803476807
chair,group_434857,88.39788600712734,6.795616792051537,83.59265929112252,93.20311272313215
chair,group_461098,75.33542078502937,13.568570217392036,65.74099277330563,84.9298487967531
chair,group_475485,64.26594318262775,8.190440189484319,58.47442738374055,70.05745898151494
chair,group_497558,31.45992319350784,3.184140185471773,29.20839607611216,33.71145031090352
chair,group_53897,85.8660868288473,7.084757349543965,78.149644545218,92.077215866114
chair,group_548672,92.47831051192037,3.62272450669422,89.9166574468662,95.03996357697454
chair,group_55dc617e,31.27233542952348,0.7501218302583127,30.741919196631763,31.802751662415197
chair,group_560161,62.880958823704546,31.78947719106092,40.40240393153029,85.3595137158788
chair,group_562574,67.93306883984401,8.831380614319864,57.47400867890554,78.88897627334333
chair,group_568187,48.91465693529686,24.730508726497323,31.42754651259751,66.4017673579962
chair,group_60cb1c84,91.44398960095373,0.0568050374495083,91.40382237376762,91.48415682813983
chair,group_70441,71.10084417826252,4.64542463888808,67.8160329146137,74.38565544191135
chair,group_742f286c,86.23246960465053,4.128628662121199,83.31308828066348,89.15185092863757
chair,group_79619,85.32148666727986,6.444008148774907,76.73671197180357,92.05603624410954
chair,group_80319,90.88954560528029,12.884128164394186,81.77909121056057,100.0
chair,group_81323,84.26110593469302,0.3701962506941886,83.99933765545732,84.52287421392872
chair,group_89870,77.33612983335391,7.156741207366916,70.34440583236434,84.64719711400251
chair,group_8cb2b723,68.40310093363627,27.28879857403672,49.107006411501104,87.69919545577142
chair,group_90b6c7d5,99.54540533279186,0.6428939437482372,99.09081066558372,100.0
chair,group_9a585a89,85.60171676387819,4.002304480388908,82.77166012542189,88.43177340233449
chair,group_b33766c0,88.67837529490404,0.6959036003770077,88.18629714002532,89.17045344978276
chair,group_bc968267,53.94116626847497,7.612241569913907,48.55849863435871,59.323833902591225
chair,group_c89fd23a,73.93976762350671,3.3783617054315456,70.1503234779961,76.63661974417684
chair,group_e9927d2c,88.61806521042696,12.771163220451475,79.5874890936055,97.64864132724843
chair,group_f188573c,72.11035679072742,2.7902040738873772,68.39481422139045,74.89574368095612
chair,group_fb6b7556,74.71777561242064,8.652965571844222,68.59920497919585,80.83634624564542
couch,group_000000069021,80.60754708429921,10.418173385242174,68.6399646433611,87.65014167389812
couch,group_000000125652,88.09994945031477,0.9352304285105296,87.43864167234298,88.76125722828657
couch,group_07d2d8fd,77.14421974790919,7.355917216747107,71.94280080210044,82.34563869371794
couch,group_110230,99.8542427300207,0.2061319080192015,99.7084854600414,100.0
couch,group_120145,72.28170437602095,16.076286406036953,60.91405324201511,83.6493555100268
couch,group_130163,75.97077982331457,2.946572805400866,73.88723821135575,78.0543214352734
couch,group_130872,10.121730988290038,14.314289238331803,0.0,20.243461976580075
couch,group_144228,96.18507316522638,5.395121269197911,92.37014633045277,100.0
couch,group_14d0db1a,87.08874839245931,1.6103976767212438,85.95002527484264,88.22747151007596
couch,group_161015,20.33657381550002,28.76025850208169,0.0,40.67314763100004
couch,group_197097,27.920623220004583,17.048706120680084,15.865367511615098,39.97587892839407
couch,group_217440,68.19872498675534,43.32099404945744,37.56615632664191,98.83129364686877
couch,group_244571,94.69368416266366,3.626431915111845,92.12940956397676,97.25795876135057
couch,group_247477,84.59491455059288,11.285979597518258,76.61452184485469,92.57530725633106
couch,group_249616,89.69313097463439,0.6775969622019261,89.21399756775,90.17226438151877
couch,group_257723,72.29475773746147,12.742251132505944,57.884982211339164,82.07525045643568
couch,group_25998,74.49913674526677,11.540114195026783,65.3703938210008,87.47027780702938
couch,group_308274,70.30940761782128,14.433778802173334,60.10318474865788,80.51563048698469
couch,group_314188,40.42447220900348,2.7720732600498743,38.46432040887631,42.38462400913065
couch,group_331863,67.80775360783014,1.1399338322694088,67.00169866492847,68.6138085507318
couch,group_337255,68.94464017081144,12.628886344872619,52.69680423201433,83.52618786206232
couch,group_352399,21.282428580858195,8.67986780413512,12.830712762410702,30.17374251178172
couch,group_373476,38.225044986948866,20.361329809345825,22.035346863705282,61.08485282310292
couch,group_386500,75.85037688125279,13.327111706169731,61.51525828845254,87.864603860349
couch,group_3d64d7f0,92.49402490279222,2.97614828950068,90.38957026546954,94.5984795401149
couch,group_413235,26.604876477136703,46.08099778749486,0.0,79.81462943141011
couch,group_42856,67.40959152507054,45.028758325214106,35.56945116490143,99.24973188523964
couch,group_441523,54.218172520511786,14.006206541145636,42.178885457197694,69.59011507051557
couch,group_450840,91.3465929615821,3.11556360265109,89.14355681092954,93.54962911223468
couch,group_458299,81.47609919152596,18.964773416668454,60.96115198185722,98.3679783073276
couch,group_472707,40.36744570648333,57.08818919646829,0.0,80.73489141296666
couch,group_49153d91,10.027878603146164,5.538512097137393,6.111559141576587,13.94419806471574
couch,group_51083,33.4090186385117,8.827622210772228,27.166947111521672,39.65109016550172
couch,group_516738,92.80607627063293,3.7103198852391435,90.18248391940904,95.42966862185682
couch,group_558968,77.44461491818521,8.055046471905547,71.74883693512801,83.1403929012424
couch,group_58001,87.88513476386129,17.13300672326969,75.77026952772259,100.0
couch,group_580427,99.51733863090482,0.6825862542079892,99.03467726180962,100.0
couch,group_70470,66.57718794752135,19.7610733485582,52.60399897923109,80.55037691581161
couch,group_76846,32.55720040745841,5.942006819041394,25.9213187410181,37.385522291700276
couch,group_78aa07b7,94.61714130495798,7.29073385519,89.4618139561268,99.77246865378918
couch,group_7dcdfe5a,95.17324708635792,3.2944617681585657,92.84371082973318,97.50278334298267
couch,group_80757,43.12628845786137,42.846780904967446,12.829039127944613,73.42353778777813
couch,group_8c384a4d,87.68822352291761,17.411481270795957,75.37644704583523,100.0
couch,group_9715aafb,38.52438611309948,16.63022977731588,26.76503786486898,50.28373436132999
couch,group_97598,87.57393946745546,11.016763098130884,79.78391157404138,95.36396736086952
couch,group_afdce6c7,89.5047537883753,14.842519532924502,79.0095075767506,100.0
couch,group_b515ef0f,36.7960030646765,29.634844526120418,15.841003540847714,57.75100258850529
handbag,group_000000102421,71.87640342766264,1.3379555225524526,70.93032600473981,72.82248085058548
handbag,group_000000214326,83.62611716951979,15.87480865705951,72.4009323180741,94.85130202096548
handbag,group_000000293027,95.17102544768613,0.47427598192081216,94.83566168471602,95.50638921065624
handbag,group_000000320600,52.97339330967832,14.534014284538687,39.15840476271937,68.13298669845685
handbag,group_000000339916,87.96220785266331,4.690014611065786,83.13867483400288,92.50619948271367
handbag,group_000000367917,32.83928310386028,30.88802093159486,3.712070888639172,65.33641756024679
handbag,group_000000552289,44.29410269964152,5.175625972167793,38.31952881117301,47.405705138487335
handbag,group_07ba3473,98.60258631325432,1.9762413880415273,97.20517262650864,100.0
handbag,group_115bc4f2,70.44818598018625,5.154659178147829,66.80329152061245,74.09308043976006
handbag,group_150235,64.12842374884346,24.26444350220196,46.9708712067186,81.28597629096834
handbag,group_159729,24.999153555666048,0.13270218095920588,24.90531894363155,25.092988167700547
handbag,group_220d2433,58.49636729986826,32.16465817440638,22.260058209895387,83.66878744294279
handbag,group_231022,87.97143209642861,13.95030815496844,72.67834093355926,100.0
handbag,group_2b715b56,81.46687692255058,15.422485364580673,62.675931196146564,96.32279698976849
handbag,group_352549,84.95856717931721,13.585766727622874,75.3519793985965,94.56515496003792
handbag,group_3a30d23f,95.42234017642478,6.473788606430502,90.84468035284956,100.0
handbag,group_3e04823b,98.59401078798118,1.9883690121872766,97.18802157596237,100.0
handbag,group_4e7d5270,45.96986747036668,11.761061993134424,37.653540781065956,54.2861941596674
handbag,group_50f47b14,65.0503593648661,0.8936739409368551,64.41843646105994,65.68228226867225
handbag,group_511676,72.69466997779696,9.563967631615775,60.361546515263484,80.56503973104547
handbag,group_532998,40.26581758598816,20.419190707209957,25.827269370578666,54.70436580139766
handbag,group_580286,36.815101751791715,7.438412290491535,31.555349979923797,42.07485352365964
handbag,group_623093aa,61.59402278483001,3.086239468274497,59.41172192844755,63.77632364121247
handbag,group_63123026,75.94857824752108,0.6996529004151785,75.45384893716067,76.44330755788148
handbag,group_6ae0bb76,97.41573953982163,2.339081470169252,95.76175917051715,99.0697199091261
handbag,group_72d88599,88.15774167763047,0.9984867755228874,87.45170490773314,88.86377844752779
handbag,group_750cbcfa,80.39716283905479,4.3071326923194855,75.54653570254807,83.77376727564747
handbag,group_78aee99c,75.67605723711388,10.423284509969237,68.30568207787793,83.04643239634983
handbag,group_7d7436cc,89.83263507229881,0.09176359478846967,89.76774841215783,89.89752173243978
handbag,group_8c243350,68.32609153180951,8.355199933060225,62.41807300097324,74.23411006264578
handbag,group_999327dc,57.224563088836085,9.155246102094672,50.750826486613235,63.698299691058935
handbag,group_9befdf8d,64.99675862917786,8.96637773089917,58.656572132979015,71.33694512537672
handbag,group_a40babc9,95.09692935470432,6.933989003850555,90.19385870940864,100.0
handbag,group_b962e110,92.91461566218732,0.523771858285133,92.31413141407452,93.27731545477019
handbag,group_bf44102d,99.0176180389951,1.3892978926837976,98.0352360779902,100.0
handbag,group_cbadb2a1,90.43135188342382,3.6049624595861225,87.88225848232754,92.9804452845201
handbag,group_eca34c67,72.92520942276941,1.8694584641635204,71.47062852972103,75.0338111189461
handbag,group_f2040929,94.47317171356326,0.3927339681440461,93.89196882063425,94.75420160008343
handbag,group_f7ad3ec3,94.1287214484255,3.8345704317548117,91.41727069319424,96.84017220365675
handbag,group_fb79a262,94.77421115905409,2.477868409011616,93.02209360415407,96.52632871395413
laptop,group_000000037707,86.8384832645687,2.326197391668474,84.26187610276591,88.7840660519837
laptop,group_000000086884,24.258830976693087,28.405972042020437,0.0,62.57092174159292
laptop,group_000000461963,13.782847853445308,17.115743186446,1.6801897812618947,25.88550592562872
laptop,group_03a13a09,46.40796721098296,5.928250788812547,42.21606087763911,50.59987354432681
laptop,group_12991,89.67818675183543,12.90021035751874,80.55636052930099,98.80001297436986
laptop,group_139503,90.02886501071646,3.4545087044239313,87.58615848015035,92.47157154128259
laptop,group_140988,90.65923276745237,7.72923439317137,85.1938387146606,96.12462682024413
laptop,group_145629,87.80841861833923,7.439555131733719,80.54862922672314,96.215595518392
laptop,group_163185,92.46326261265006,2.770146245505138,90.50447341757493,94.4220518077252
laptop,group_163348,88.84613863647373,2.963601749149535,86.75055574291378,90.94172153003367
laptop,group_171297,73.68186993253477,8.023228247052062,65.61101210008098,81.6566048651221
laptop,group_17273,91.58765556839666,0.20091221210019755,91.44558918079741,91.72972195599588
laptop,group_174573,42.288989869771996,9.431060531716783,35.62022301401425,48.957756725529734
laptop,group_217923,39.11423414264669,55.31588040636772,0.0,78.22846828529337
laptop,group_219624,88.69307760593652,6.8978797852760145,84.28942442229621,96.64265371480944
laptop,group_24c698cd,73.84167980765943,13.25316820636153,64.47027469673523,83.21308491858362
laptop,group_263264,0.0,0.0,0.0,0.0
laptop,group_264244,55.28917021746239,12.766377579878418,42.148286087224804,67.64478900579152
laptop,group_27e8ebec,88.53044378121126,13.856658891831765,78.73230631420816,98.32858124821438
laptop,group_2f0a1a59,82.13455339804821,6.095314571518027,77.82451513106264,86.44459166503378
laptop,group_304777,68.05107241214024,13.119721274643247,53.42482041383797,78.78204139860746
laptop,group_30afda78,47.303954087319,2.6964588849788065,45.39726972455976,49.21063845007823
laptop,group_315603,97.09443430636665,4.109090410302271,94.1888686127333,100.0
laptop,group_391000,78.19222595309412,25.000940082880284,60.5138916844509,95.87056022173734
laptop,group_430b5111,94.8951275464978,7.0895074559357845,89.88208874913303,99.90816634386259
laptop,group_431715,78.96994759746812,1.034785864719068,78.23824349544928,79.70165169948696
laptop,group_434511,99.76644356971126,0.33029867129378726,99.53288713942251,100.0
laptop,group_444682,79.76705674198467,7.323870127035555,74.58829851062826,84.9458149733411
laptop,group_4463,78.99854749263639,25.951858923282305,60.64781206358687,97.34928292168593
laptop,group_4774263f,51.13080815957528,12.691160698129055,42.15680236880002,60.10481395035053
laptop,group_477474,12.984501996734782,12.986370948060245,3.8017510363574085,22.167252957112154
laptop,group_483760,70.95611182425714,10.229463620207934,59.59940596344102,84.25210089261
laptop,group_516668,20.759914469873323,29.358952597000314,0.0,41.519828939746645
laptop,group_526360,67.92852188602906,5.5803618260548395,63.98261019735114,71.87443357470698
laptop,group_551303,100.0,0.0,100.0,100.0
laptop,group_553812,67.99497850416476,3.872313002111625,64.60013688256404,72.21253735870565
laptop,group_5a2cb64e,13.538329857949904,19.14608969699337,0.0,27.076659715899808
laptop,group_60e37dce,26.161888144047502,36.99849703059986,0.0,52.323776288095004
laptop,group_64834,76.07706301737338,6.623400340019886,71.39361172243204,80.76051431231473
laptop,group_657bedf7,23.258480402110678,32.89245842485376,0.0,46.516960804221355
laptop,group_78771,89.75153785531595,11.413454624807208,72.65425837035696,96.04304824821571
laptop,group_80714,62.86171943280677,9.702057424977005,56.00132883614424,69.7221100294693
laptop,group_838d73df,87.46211698764164,11.829586211429433,79.097336358909,95.82689761637427
laptop,group_d1aba840,60.077895095110584,39.057851393788766,32.4598235159861,87.69596667423507
laptop,group_e71dedbc,85.17611003805965,5.861161358520967,81.03164309582093,89.32057698029838
laptop,group_f35169f9,51.799425128777294,42.16406269215475,21.98493047677995,81.61391978077464
microwave,group_000000229787,86.35634817698997,6.07894806858932,80.24974477074393,93.8342062151675
microwave,group_000000270179,79.2859831039936,6.334369104118042,74.80690775593317,83.76505845205402
microwave,group_000000270922,95.02769025755657,4.399911486827912,90.30982824807649,99.01927390035182
microwave,group_115465,61.60407199708878,12.571175498795277,44.647007534169184,74.95848275704769
microwave,group_122964,92.71969895907344,3.789830181020236,90.03988433852858,95.39951357961829
microwave,group_15c73459,67.48651946681267,11.769073765562318,59.16452759889885,75.80851133472648
microwave,group_202842,72.3552109942085,8.141950638711613,66.59798248548938,78.11243950292763
microwave,group_223374,68.07676442913589,26.686721730759654,49.20640252567734,86.94712633259444
microwave,group_239600,88.18236730806365,4.538698231899715,85.41849081715279,93.42053709447876
microwave,group_248191,0.0,0.0,0.0,0.0
microwave,group_248732,79.37689255844356,13.95998457388872,69.50569280098725,89.24809231589987
microwave,group_295443,76.50973949114307,14.89943065234365,60.63015744160831,90.18295786899235
microwave,group_2b16a95f,100.0,0.0,100.0,100.0
microwave,group_306c8a82,90.39245839574289,8.134075014050472,84.64079879462774,96.14411799685804
microwave,group_307025,95.25367040627701,4.221355764182043,92.26872111962297,98.23861969293105
microwave,group_311902,89.99146742640787,4.222654404418706,87.00559986243616,92.97733499037957
microwave,group_316026,54.885496002309324,12.467124311491908,46.069907859757734,63.70108414486092
microwave,group_317798,79.58325316920461,15.438235133622895,68.66677241666746,90.49973392174176
microwave,group_342988,61.18080539733786,18.451488926015085,48.13363245476411,74.22797833991162
microwave,group_365582,66.27213227300939,7.0546435946867545,60.65936458468021,74.19130649090248
microwave,group_378186,2.1225624735902655,2.447580767362637,0.39186151548637127,3.8532634316941596
microwave,group_385705,83.87271412511451,0.43560025050844176,83.52381811414574,84.36093156567914
microwave,group_3f1e139d,91.57509590443875,10.765811345298086,83.96251769720341,99.1876741116741
microwave,group_401393,60.77469725359548,12.26588743933256,52.10140506797253,69.44798943921843
microwave,group_414948,87.73023915347866,0.7393871024954515,87.20741351938226,88.25306478757507
microwave,group_41551812,91.8991885538806,0.09149129925497272,91.83449443575785,91.96388267200336
microwave,group_434923,92.71679601787562,3.566087035726861,90.19519169261171,95.23840034313952
microwave,group_454326,92.50947565920833,10.593201112033347,85.01895131841668,100.0
microwave,group_460378,57.32874313161892,45.3923356998633,25.231514744349376,89.42597151888847
microwave,group_4b34568e,74.88004410100874,4.440846909990819,71.73989113674291,78.02019706527457
microwave,group_501175,88.10365218143443,8.822783508503973,78.69753026353227,96.1956896358927
microwave,group_607378df,77.42903382563367,11.944096956170018,68.98328187277625,85.87478577849109
microwave,group_6287be0e,48.938843174970486,8.658809452909278,42.81614029381616,55.06154605612482
microwave,group_6cd29b92,93.13917396215781,2.2185592778814693,91.5704156523035,94.70793227201213
microwave,group_76d29e35,43.64924739027809,2.4028300437229326,41.95018997232283,45.348304808233344
microwave,group_7ccc329a,96.70084879927096,4.665704372390493,93.40169759854192,100.0
microwave,group_8e5ea2ad,20.731351602016243,29.318558601896562,0.0,41.462703204032486
microwave,group_8ea94996,91.26768035595984,6.004828671155995,87.02162528272204,95.51373542919765
microwave,group_98211ebb,84.5037384995023,10.858685068030809,76.8254886531286,92.181988345876
microwave,group_9bf9cc5a,96.29024257776442,2.3868169717722796,94.60250811157309,97.97797704395573
microwave,group_a21fc738,41.74520677753829,21.510362693173146,26.53508345141343,56.95533010366315
microwave,group_ad205473,85.82512474871417,6.975729814554609,80.89253889311743,90.75771060431092
microwave,group_ca5693fb,81.13764488231465,4.267939246220275,78.11975609962008,84.1555336650092
microwave,group_cc92b824,86.14022716699748,5.598270493834839,82.18165213789031,90.09880219610466
microwave,group_cfb866be,92.89183448554921,10.052464074129034,85.78366897109842,100.0
microwave,group_e251a460,87.7519025990161,10.319679230234161,75.86716259566192,94.44293521124008
microwave,group_fc618d7e,67.27213133498417,21.740222015065076,51.89947292363058,82.64478974633775
refrigerator,group_000000121530,49.16058122807151,13.303090361563568,32.32094147714978,62.25070955436447
refrigerator,group_000000397148,75.8032460510743,3.8982773344379416,72.9306302211286,81.56154835181812
refrigerator,group_000000398772,99.23855259944315,1.0768492409012362,98.47710519888629,100.0
refrigerator,group_000000477106,81.80315896283837,6.783866192490637,77.00624117546607,86.60007675021066
refrigerator,group_034cf44e,76.25115062369545,5.7254534537881465,72.20264366115391,80.29965758623699
refrigerator,group_131113,98.87017232362524,1.3872200683051237,97.88925960632862,99.85108504092186
refrigerator,group_157866,79.71837323322335,16.819464700191094,67.82521568779046,91.61153077865623
refrigerator,group_165265,75.32998517574569,11.277580327600404,67.35553165072345,83.30443870076795
refrigerator,group_216091,82.89128796243597,4.341249582161745,79.82156094406612,85.9610149808058
refrigerator,group_242955,83.92815635241294,2.8393153265052296,80.6563935132298,85.74676014729764
refrigerator,group_243173,63.56960756826393,9.476952802016132,56.86838997697347,70.27082515955439
refrigerator,group_258954,48.35343397948955,9.762014806872008,41.45064711150687,55.25622084747223
refrigerator,group_261558,61.471936334352485,8.349858751441634,55.56769458925827,67.3761780794467
refrigerator,group_28039142,83.06364269059402,1.0883024099563374,82.29409667653223,83.83318870465581
refrigerator,group_294035,83.40804111749611,1.5645054064218888,82.30176873541218,84.51431349958006
refrigerator,group_30cdde5a,91.30340430580236,6.5438900442387835,86.67617528018198,95.93063333142274
refrigerator,group_317687,76.02359558000543,8.160445789179125,70.25328902497168,81.7939021350392
refrigerator,group_321223,90.15781089401753,12.752251699484239,75.75154851918157,100.0
refrigerator,group_324732,99.82042938943594,0.2539511928633057,99.64085877887189,100.0
refrigerator,group_336578,90.75901396566503,5.108409295842787,84.9894479568552,94.70677701990279
refrigerator,group_362371,49.558566813981066,23.789303908690343,22.828560735083954,68.4063667424838
refrigerator,group_376859,90.10912541046628,0.9809970239482816,89.41545576250863,90.80279505842394
refrigerator,group_384957,86.26792695785241,6.458179788618064,81.70130423519868,90.83454968050616
refrigerator,group_3e1ed869,93.69785684441703,8.27811935127032,87.8443425156622,99.55137117317186
refrigerator,group_402167,46.012522932865195,17.6370739311361,33.54122835587038,58.48381750986002
refrigerator,group_416841,73.44942728376682,10.798696267420409,65.81359592509999,81.08525864243364
refrigerator,group_421406,0.0,0.0,0.0,0.0
refrigerator,group_432686,55.89943461270593,24.063955904565233,29.155595130345763,75.80199452795586
refrigerator,group_434923,92.71679601787562,3.566087035726861,90.19519169261171,95.23840034313952
refrigerator,group_448761,0.0,0.0,0.0,0.0
refrigerator,group_466710,67.01981242556586,17.10164665613497,54.92712210555658,79.11250274557514
refrigerator,group_486018,0.0,0.0,0.0,0.0
refrigerator,group_495980,19.836805828631977,7.776435776612546,14.33803535752757,25.335576299736385
refrigerator,group_520696,56.13325467745042,14.765832267795936,40.642607504725056,70.04783188060382
refrigerator,group_531944,87.43679030678314,7.111374881856607,82.40828890426265,92.46529170930363
refrigerator,group_534001,93.12744864694554,2.308189335211686,90.94572047964292,95.54412744622785
refrigerator,group_55521,63.21633739759913,14.21841398098756,53.162400453925216,73.27027434127305
refrigerator,group_562008,63.56183183291264,0.4852725323120225,63.21869233459124,63.90497133123404
refrigerator,group_572754,90.4498211062487,10.103044016766617,83.30589017136685,97.59375204113056
refrigerator,group_5a73055f,98.19409805394822,0.40882032483021336,97.9050184299739,98.48317767792255
refrigerator,group_5e2ad72f,51.07373426209679,1.90473690537629,48.87534874173051,52.230793304218025
refrigerator,group_64121,3.3957050984978294,4.8022522041150975,0.0,6.791410196995659
refrigerator,group_87126,94.09742596500209,3.5831159794755605,91.56378035813705,96.63107157186714
refrigerator,group_9f81b074,80.37954771287484,25.151435729663014,62.5947969518525,98.16429847389718
refrigerator,group_b14a0fea,66.53528784217124,9.724993087221563,59.658679283204584,73.41189640113791
refrigerator,group_d06c982b,95.56631421109688,1.8129855536429489,94.2843398319227,96.84828859027105
refrigerator,group_d734875f,50.06401429668919,30.98966142593942,28.15101455573225,71.97701403764613
refrigerator,group_d8bfa8bc,95.16530843083737,0.659436944698718,94.69901609547597,95.63160076619877
refrigerator,group_e8eb6f2b,73.2410968200501,7.529390417394905,67.91701379770915,78.56517984239105
remote,group_108201,0.0,0.0,0.0,0.0
remote,group_110951,17.638186295658933,24.944162274984123,0.0,35.276372591317866
remote,group_112657,88.61424399191147,12.09706567566437,75.09184032105345,98.40817515636266
remote,group_167002,88.40933485174932,4.6220072230073335,85.14108220166764,91.67758750183101
remote,group_16838,93.86554613136433,0.02467416449687912,93.84809886232847,93.88299340040018
remote,group_178928,75.03330754751383,15.79749767135667,63.862789818318845,86.20382527670883
remote,group_184490,74.18031678493932,5.940566925250721,69.97970162800202,78.38093194187663
remote,group_187427,35.87549670286605,7.187188242125233,30.793387159195078,40.957606246537026
remote,group_188824,49.50531660350549,13.8879100407531,39.68508123718023,59.32555196983075
remote,group_198978,12.811365251764242,18.118006491560394,0.0,25.622730503528484
remote,group_209007,77.10121869717284,6.878406653194819,70.62329554029736,84.32011265781597
remote,group_217591,71.75018472925558,0.08208663044417785,71.69214071622375,71.80822874228741
remote,group_242665,85.99552443484106,2.1497103995272893,84.47544963374807,87.51559923593405
remote,group_249445,83.21610634717726,2.7847454752626253,81.24699393774051,85.18521875661402
remote,group_256781,99.53751111004473,0.6540580606216169,99.07502222008947,100.0
remote,group_258226,96.04498847932241,4.5116646945102845,92.85475977939426,99.23521717925057
remote,group_260978,32.92771098791385,46.56681545700935,0.0,65.8554219758277
remote,group_2a9f2269,87.32985543204728,1.8100740860155649,86.04993977137563,88.60977109271893
remote,group_314846,75.73346438039313,25.894949156781443,57.42297023315211,94.04395852763416
remote,group_319781,2.5794143256889694,4.467676665864311,0.0,7.738242977066909
remote,group_32416,51.096446814784805,31.873626983816592,28.558389033517567,73.63450459605204
remote,group_326124,81.25558427393814,5.955522233782773,77.04439411692309,85.4667744309532
remote,group_33753,99.51430239138668,0.6868801453131337,99.02860478277337,100.0
remote,group_36488,67.14109908612154,6.448544715894332,62.58128938872798,71.7009087835151
remote,group_365325,96.62791980713807,4.768841542155023,93.25583961427614,100.0
remote,group_389595,66.18561672615476,12.47666512806943,57.36328220750314,75.00795124480638
remote,group_391568,98.22980225589144,1.4440174809604942,96.81611926230343,99.70235373730725
remote,group_403666,30.007763886611713,5.094136259375573,26.40566559331897,33.609862179904454
remote,group_432727,78.76528530604729,14.46327975740247,62.341026571835286,89.59834105797101
remote,group_441752,50.0,70.71067811865476,0.0,100.0
remote,group_449888,96.77712209815112,2.5580070791007743,94.96833794619577,98.58590625010648
remote,group_457687,90.66570514144954,7.680493492675428,85.23477610991958,96.09663417297948
remote,group_468129,74.88730145400328,9.443753692739804,68.20955917801147,81.5650437299951
remote,group_485014,86.4891133040166,6.031974441264607,82.22386327265447,90.75436333537874
remote,group_491223,79.72940737195994,17.949595893254614,67.0371263962814,92.42168834763848
remote,group_51993,90.0977358095422,7.420095179411298,84.85093619113086,95.34453542795353
remote,group_526933,61.17793948345125,15.130897259545954,50.478779425789355,71.87709954111314
remote,group_535136,99.05717801827758,1.333351633455321,98.11435603655517,100.0
remote,group_571702,71.50922579891238,7.962884906721987,65.87861588356127,77.13983571426351
remote,group_69866,96.31805749393531,1.290471370672652,95.40555643680558,97.23055855106504
remote,group_77c6970f,73.05304251194465,5.858396511565461,68.9105306117371,77.1955544121522
remote,group_7839,80.47233815473359,5.968822823303577,76.2517430606746,84.69293324879258
remote,group_81661,0.8519895440797516,0.9771799115976479,0.0,1.9186604762926667
remote,group_92001,88.44148936879247,5.253209215463436,84.72690950954662,92.15606922803833
remote,group_b2bf0feb,8.82643862582465,1.4273627136856617,7.817140771764687,9.835736479884615
remote,group_c99eaf95,95.39619593253508,0.6417796266419479,94.94238920650918,95.85000265856097
remote,group_d24627f6,73.74683064729814,1.6375434468298709,72.58891257155715,74.90474872303913
remote,group_d77b3db2,72.4549033268743,4.623075459331066,69.1858953196442,75.72391133410441
suitcase,group_000000210276,45.97095607331586,24.53001375260254,17.783337798827063,69.73958692035413
suitcase,group_000000251404,44.59242187200311,2.1421175433047783,43.07771603103363,46.107127712972584
suitcase,group_000000397606,86.36368699006914,6.455566185164716,77.88814286262291,93.56337365015087
suitcase,group_000000468951,92.21408855619605,2.0207962229414456,89.89761059798666,93.61535999507095
suitcase,group_000000561393,71.07648020749515,6.763115271486176,64.98907175937345,78.35661240388268
suitcase,group_000000574000,89.54294820042085,1.856594730623006,88.23013747648211,90.85575892435959
suitcase,group_183202,83.4309536176646,4.379903856555179,78.66106576746583,87.27181141901545
suitcase,group_236290,75.02295471130324,7.362724605084531,69.81672221503894,80.22918720756756
suitcase,group_236341,14.71812021326349,14.863354698514735,0.0,29.722572130313036
suitcase,group_23c702e4,71.05202243420605,0.6829127217526577,70.41931948837737,71.7759705487729
suitcase,group_257099,46.76777640480508,9.207160292846375,40.25733092626189,53.27822188334827
suitcase,group_277793,56.386324007042305,21.66077455671479,41.06984343223625,71.70280458184837
suitcase,group_289813,54.817243559580575,17.557798517329402,28.557648487293637,65.1918925591841
suitcase,group_323243,91.80882710363636,6.909164029519767,86.92331036603275,96.69434384123996
suitcase,group_333368,84.22600404367861,0.6181108610379894,83.7889336623136,84.66307442504363
suitcase,group_38b72e01,68.93406517073369,3.0481809310157417,66.77867576412893,71.08945457733844
suitcase,group_394957,88.20778285446902,11.001936607180259,77.07371974739081,99.07265247217289
suitcase,group_39656,91.7273403593397,11.699307460718328,83.4546807186794,100.0
suitcase,group_3f03b5a7,61.30161810831024,35.12328566380978,36.46570463787808,86.13753157874238
suitcase,group_417046f2,63.103818804334814,45.94626859823708,30.614900708302844,95.59273690036679
suitcase,group_417674,53.59633091930076,16.35608053961017,42.03083545610909,65.16182638249244
suitcase,group_418282,47.407304718331034,12.801429916290164,38.355326815637916,56.459282621024144
suitcase,group_422279,37.234176859915166,7.963816995278954,31.602907858424743,42.86544586140559
suitcase,group_470770,70.57440467859333,19.474890742852942,56.803577371454885,84.34523198573176
suitcase,group_488004,33.1588073236467,39.097934617973266,0.0,76.27156007762703
suitcase,group_491845,0.0,0.0,0.0,0.0
suitcase,group_4f740ba4,72.6873163537933,6.606727475045766,68.01565455473697,77.35897815284964
suitcase,group_515123,79.87650947388191,5.2054526803123755,76.41504831397621,85.86287779521025
suitcase,group_534384,94.53203773290366,5.359907172973687,90.74201102436355,98.32206444144377
suitcase,group_566743,64.67290789150248,18.746297870479278,44.98087539376695,82.30298323121943
suitcase,group_5ca02f81,88.30434020812018,4.829810606686016,84.88914837628577,91.71953203995457
suitcase,group_6f2ed805,70.95196476540312,22.406382564860124,55.10825971193049,86.79566981887574
suitcase,group_74ca1f4e,84.87223430053115,17.136060622406927,72.75520963160345,96.98925896945886
suitcase,group_74cb21c1,94.73287386883418,1.5725695433754443,93.62089928082597,95.84484845684239
suitcase,group_75995457,90.09569190196414,13.998964726799308,80.19692901405307,99.99445478987522
suitcase,group_7d9436a0,61.195134966770965,2.589698090037757,59.36394188607942,63.02632804746251
suitcase,group_92801,91.4346982143308,5.03908432220186,86.09363199858765,96.10451358480212
suitcase,group_97156,95.46419288681656,1.0890355133157612,94.69412849039801,96.23425728323511
suitcase,group_aa675f63,39.870380713332636,14.417105937199208,29.675947340054236,50.06481408661103
suitcase,group_af12436b,37.21069413915427,2.8153891956861488,35.21991334720525,39.201474931103284
suitcase,group_bd97c431,31.10569031275193,5.621164264458837,27.130926943189593,35.080453682314264
suitcase,group_d8e24ae7,93.11834980234082,1.9042464489849609,91.77184422521316,94.46485537946849
suitcase,group_ec23561b,37.48365947729582,36.28960074411298,11.823036704581149,63.144282250010484
suitcase,group_f573d3c7,96.59832461784484,1.6916464747546753,95.40214992417549,97.79449931151419
suitcase,group_fd200742,32.31528370399894,18.55777844022509,19.192952725158268,45.43761468283961
toaster,group_000000017312,56.10070643666487,21.13492939975564,27.888550163046066,72.45851719244709
toaster,group_000000259434,87.39725994934962,7.653138264464115,81.9856739851888,92.80884591351044
toaster,group_04af5537,46.1651865369289,22.28705428375768,30.405859320211153,61.92451375364665
toaster,group_147073,84.41583566272149,1.6726276790304455,83.23310928847876,85.59856203696424
toaster,group_156175,64.24802936947081,20.070139251982322,50.05629780503581,78.43976093390582
toaster,group_23444,88.85499853149685,15.76141222942522,77.7099970629937,100.0
toaster,group_23c70287,95.61507177448058,1.7200280476691792,94.39882827814266,96.83131527081852
toaster,group_241e9bfe,61.48108208021805,34.12582523299007,37.35047964438378,85.61168451605232
toaster,group_246409,89.34740696999145,5.5598476478940055,83.43619668493002,96.84260119527124
toaster,group_302806,66.88944666830477,14.811180411600052,56.416360561885014,77.36253277472453
toaster,group_353398,95.82091400288489,3.5621282775860204,93.30210894234746,98.33971906342232
toaster,group_363a7757,94.75352029755742,3.715200259031823,92.12647700093,97.38056359418484
toaster,group_419449,52.48885144687181,3.2676406581091095,50.17828057904199,54.79942231470164
toaster,group_439827,85.98670699780143,6.7641368294624185,78.77893110446695,92.1962660770734
toaster,group_481710,89.25956584539598,5.630807752980377,84.41217736437527,95.43600769753368
toaster,group_491154,71.54388336219243,9.250130622613213,65.00305327208129,78.08471345230357
toaster,group_494383,65.56309382241773,6.240739604640269,61.368719001660764,72.73494828691666
toaster,group_498f8de7,76.19432110647085,18.193928770042415,63.32927069674885,89.05937151619287
toaster,group_57d4990c,88.0214663615024,14.239611140979765,77.95254076225609,98.0903919607487
toaster,group_58e3a90d,91.85525935187692,10.397751567251342,84.50293870958045,99.2075799941734
toaster,group_5c318292,100.0,0.0,100.0,100.0
toaster,group_606edbde,88.27843590120702,8.203070513076526,82.47798911485918,94.07888268755484
toaster,group_62716,84.66855446710073,2.7230810098306977,82.74304541932914,86.59406351487233
toaster,group_6865761c,95.04223261060466,7.011341881173948,90.08446522120931,100.0
toaster,group_6b9c4537,88.16550260205727,2.447350363449683,86.43496456412265,89.89604063999191
toaster,group_759cecb4,93.98307081710243,7.512780389851597,88.67073285787306,99.29540877633181
toaster,group_78289eb0,84.19698944262494,8.808111188506658,77.96871429178678,90.4252645934631
toaster,group_893b3445,79.43585484879307,11.014102980226726,71.64770794278779,87.22400175479835
toaster,group_95dd0f78,76.05730524411885,7.8408127244743,70.5130133966293,81.6015970916084
toaster,group_96caab0d,62.8934000002666,34.32505130736359,38.62192345625364,87.16487654427956
toaster,group_a0960b93,99.62959062752851,0.5238379581792817,99.25918125505703,100.0
toaster,group_a1694d79,93.83905234965691,8.71289572418585,87.67810469931382,100.0
toaster,group_a3d3e93b,88.89341806959447,15.70707879758745,77.78683613918894,100.0
toaster,group_a8717342,99.2305398893002,1.0881809242567553,98.4610797786004,100.0
toaster,group_ae5c79b2,60.98924090013098,24.3143050035473,43.79643095228469,78.18205084797728
toaster,group_bdcc5571,87.0496919846091,7.657222697466564,81.63521789017494,92.46416607904325
toaster,group_c99dc8f9,91.19675380081648,12.449670167794748,82.39350760163295,100.0
toaster,group_ca1efba1,56.690236771882,10.265677760600209,49.431306413885665,63.94916712987834
toaster,group_cf675ffb,84.91940709499566,9.562537382775242,78.15767206628543,91.6811421237059
toaster,group_d8a1ae80,72.77907003093856,12.553557197566919,63.902364608525794,81.65577545335131
toaster,group_db4d83d8,98.85254732349564,1.3775012123403159,97.87850687515711,99.82658777183417
toaster,group_dc5addf5,92.62419811803508,8.87119996903688,86.35131246266722,98.89708377340295
toaster,group_dccc7db8,100.0,0.0,100.0,100.0
toaster,group_e1e71d0f,88.28843327523009,7.416199258701269,83.04438848877179,93.53247806168841
toaster,group_e9fd88ca,28.83641970783082,9.328740248552752,22.24000421815129,35.43283519751035
toaster,group_ed48f41f,93.12673278559575,6.9860770448275025,88.18683033330655,98.06663523788495
toaster,group_ed8ef6f9,51.610867249239575,0.9750693596421579,50.921389092909386,52.30034540556977
toaster,group_f976f36f,91.33382594468151,3.523127178865151,88.84259882552334,93.82505306383969
toaster,group_fb002f9f,99.69194461958364,0.43565609694682345,99.38388923916727,100.0
tv,group_000000001591,38.923051767291355,15.91392495773686,27.67020751438178,50.17589602020093
tv,group_000000182339,89.25117298819143,3.5678674295997217,86.72830973434684,91.774036242036
tv,group_000000221223,74.3531602736052,9.206228204289397,67.8433738812013,80.86294666600908
tv,group_000000250474,95.23159028006422,6.743549696884865,90.46318056012845,100.0
tv,group_000000284758,0.0,0.0,0.0,0.0
tv,group_000000326313,48.71396890861113,2.7911130015843924,46.740353978132866,50.68758383908939
tv,group_000000397148,75.8032460510743,3.8982773344379416,72.9306302211286,81.56154835181812
tv,group_000000479528,24.943866843074655,21.224135448211,5.165141067390739,47.36580450794185
tv,group_105473,43.24625694613845,5.900382388249649,39.07405654781345,47.418457344463455
tv,group_107735,86.8135712895956,4.818497790122855,81.6790878484807,91.23708098598696
tv,group_115102,68.55982766798193,8.027007574963918,59.925394411216146,75.79556658673212
tv,group_122335,48.70634128250462,17.14166565682637,34.313218172471146,67.67002682110315
tv,group_124364,66.77534330612123,4.013824676036852,63.937140659201674,69.61354595304078
tv,group_124803,31.822531652056433,9.936933268428366,24.796058753752533,38.849004550360334
tv,group_125069,94.97483994204191,0.9934388352480688,94.27237260494394,95.6773072791399
tv,group_214252,75.7750188975054,3.181479430721108,73.40745312379431,79.39145169720607
tv,group_223833,48.730009139821505,11.621468640596724,40.51238985670875,56.94762842293425
tv,group_232969,37.91579288383462,21.448775631305708,14.508286934409673,56.62786056344016
tv,group_233040,65.05986797838139,18.907280230373516,51.69040191368994,78.42933404307286
tv,group_233954,53.39077009846156,17.571586855330093,40.96578187684924,65.81575832007387
tv,group_257669,78.94506030736915,4.550875914776694,76.01527184044843,84.18788072407057
tv,group_283438,54.620555716747795,17.290611823695,37.54356966681197,72.11715500506313
tv,group_28878,80.56816977308529,0.862799565066185,79.98596220577915,81.55941557869319
tv,group_291941,40.932479513158995,17.45067716555233,28.592987353099698,53.27197167321829
tv,group_372937,73.04207749085562,12.969844223730435,63.28575620063057,87.76033495201929
tv,group_378751,4.103486595298742,1.7278722536149036,2.8816964077435614,5.325276782853922
tv,group_395555,31.91838054982003,22.138744220783,6.884719021211165,48.91972227146855
tv,group_398158,80.94828721285508,0.6565673686918498,80.48402397414726,81.4125504515629
tv,group_400064,80.23748132527561,9.292860075561967,73.66643694922801,86.80852570132322
tv,group_417846,58.24476918877457,12.526851289473944,49.3869476950721,67.10259068247704
tv,group_429918,80.67557366042965,0.9392310782719067,80.01143699588243,81.33971032497688
tv,group_460251,36.42407853463084,2.115935280468538,34.92788634925967,37.920270720001994
tv,group_471955,73.92459136289092,17.71868928084923,61.395586018665036,86.4535967071168
tv,group_476444,86.44302170703905,4.447261161541082,83.38406223076518,91.54464464371064
tv,group_479586,69.13211685286223,8.48056985841188,60.17122613571281,76.37888003639934
tv,group_48711,77.5248703809602,1.341692894626311,75.97919242841846,78.38881135369927
tv,group_500537,50.32918908855497,2.215061327566548,48.76290420308859,51.89547397402136
tv,group_501814,38.43909740448917,18.38087012669317,25.44185949379519,51.43633531518314
tv,group_503249,26.72159298009575,37.7900392006651,0.0,53.4431859601915
tv,group_503920,29.78871031357245,22.31079635969758,14.012594913958154,45.56482571318675
tv,group_505243,91.86607132674635,5.989705796141768,87.63070974098213,96.10143291251056
tv,group_507459,0.0,0.0,0.0,0.0
tv,group_525223,27.844744632261783,27.676843588954913,0.0,53.40257440527104
tv,group_566583,89.9607051362657,0.9214480853535333,89.30914294660086,90.61226732593055
tv,group_580540,74.7982729869621,7.918291276659301,69.19919552982603,80.39735044409818
tv,group_580686e3,34.149268643954706,6.946646556996119,29.23724775699657,39.061289530912845
tv,group_64834,76.07706301737338,6.623400340019886,71.39361172243204,80.76051431231473
tv,group_65207,20.50939953105651,3.2759770905961774,18.192933915284176,22.825865146828843
tv,group_74458,96.51689415506122,3.4369351696082533,94.08661399013269,98.94717431998976
tv,group_856150c6,40.916856456321426,0.584923556178633,40.26368481286323,41.392306879985455
